{
    "2": [
        [
            310,
            480
        ],
        260.0307674103201
    ],
    "3": [
        [
            320,
            590
        ],
        190.04210059878838
    ],
    "4": [
        [
            218,
            642
        ],
        138.01449199268893
    ],
    "5": [
        [
            290,
            514
        ],
        96.18731725128839
    ],
    "6": [
        [
            308,
            488
        ],
        78.89233169326408
    ],
    "7": [
        [
            300,
            492
        ],
        68.0
    ],
    "8": [
        [
            304,
            456
        ],
        60.0
    ],
    "9": [
        [
            284,
            424
        ],
        54.147945482723536
    ],
    "10": [
        [
            292,
            392
        ],
        47.20169488482379
    ],
    "11": [
        [
            296,
            398
        ],
        45.12205669071391
    ],
    "12": [
        [
            292,
            378
        ],
        34.058772731852805
    ],
    "13": [
        [
            304,
            392
        ],
        36.05551275463989
    ],
    "14": [
        [
            294,
            388
        ],
        30.0
    ],
    "15": [
        [
            290,
            392
        ],
        32.0624390837628
    ],
    "16": [
        [
            290,
            384
        ],
        30.0
    ],
    "17": [
        [
            286,
            380
        ],
        28.0
    ],
    "18": [
        [
            274,
            386
        ],
        26.68332812825267
    ],
    "19": [
        [
            296,
            378
        ],
        25.612496949731394
    ]
}