{
    "2": {
        "iou": 0.7543253247393957,
        "depth_delta": 0.12877220351755336
    },
    "3": {
        "iou": 0.8692362204527582,
        "depth_delta": 0.21837473887341252
    },
    "4": {
        "iou": 0.8692501936136533,
        "depth_delta": 0.29826666920192046
    },
    "5": {
        "iou": 0.8102572378210543,
        "depth_delta": 0.06082323095068265
    },
    "6": {
        "iou": 0.9356284315797099,
        "depth_delta": 0.39240506329113956
    },
    "7": {
        "iou": 0.6805146770579217,
        "depth_delta": 0.20779833127488612
    },
    "8": {
        "iou": 0.9365244536940688,
        "depth_delta": 0.14516129032258007
    },
    "9": {
        "iou": 0.9218714485125893,
        "depth_delta": 0.7115384615384617
    },
    "10": {
        "iou": 0.9621143215034803,
        "depth_delta": 0.7446808510638299
    },
    "11": {
        "iou": 0.9083288072401986,
        "depth_delta": 0.4772727272727266
    },
    "12": {
        "iou": 0.7250000000000001,
        "depth_delta": 0.625
    },
    "13": {
        "iou": 0.901049063327577,
        "depth_delta": 0.6486486486486491
    },
    "14": {
        "iou": 0.6615241315795102,
        "depth_delta": 0.8367908091342908
    },
    "15": {
        "iou": 0.6296853768070617,
        "depth_delta": 1.0093959848418166
    },
    "16": {
        "iou": 0.6099218876782654,
        "depth_delta": 1.069569250443653
    },
    "17": {
        "iou": 0.9377014713999812,
        "depth_delta": 1.0357142857142847
    },
    "18": {
        "iou": 0.5110306017229852,
        "depth_delta": 0.27991823501750446
    },
    "19": {
        "iou": 0.8292466730116749,
        "depth_delta": 1.3690808383401674
    },
    "Averages": {
        "Depth Delta Std. Dev": 0.05032763775557696,
        "IOU": 0.8029561289856603
    }
}